Redirect from,Redirect to
/en/3/singing-bowls-and-more/accessories-crystal-singing-bowls.aspx,/collections/accessories-crystal-singing-bowls
/en/3/singing-bowls-and-more/accessories-metal-singing-bowls.aspx,/collections/accessories-metal-singing-bowls
/en/3/incense-white-sage-and-charcoal/agarbatti-hexagram-incense.aspx,/collections/agarbatti-hexagram-incense
/en/3/candles-and-candle-holders/all-candles.aspx,/collections/all-candles
/en/3/singing-bowls-and-more/all-crystal-singing-bowls.aspx,/collections/all-crystal-singing-bowls
/en/3/fragrance-products/all-essential-oils.aspx,/collections/all-essential-oils
/en/3/incense-white-sage-and-charcoal/all-incense.aspx,/collections/all-incense
/en/3/jewellery/all-jewellery.aspx,/collections/all-jewellery
/en/3/meditation/all-meditation-cushions.aspx,/collections/all-meditation-cushions
/en/3/singing-bowls-and-more/all-metal-singing-bowls.aspx,/collections/all-metal-singing-bowls
/en/3/statues/all-statues.aspx,/collections/all-statues
/en/3/textiles/all-yoga-clothing.aspx,/collections/yoga-gear
/en/3/candles-and-candle-holders/angel-candles.aspx,/collections/angel-candles
/en/3/jewellery/angel-jewellery.aspx,/collections/angel-jewellery
/en/3/spirituality/angel-products.aspx,/collections/angel-products
/en/3/statues/angel-statues.aspx,/collections/angel-statues
/en/3/incense-white-sage-and-charcoal/archangels-incense.aspx,/collections/archangels-incense
/en/3/fragrance-products/aroma-oil-diffusers.aspx,/collections/aroma-oil-diffusers
/en/3/home-living/aromafume-all-products.aspx,/collections/aromafume-all-products
/en/3/fragrance-products/aromafume-fragrance-products.aspx,/collections/aromafume-fragrance-products
/en/3/incense-white-sage-and-charcoal/aromafume-incense-bricks.aspx,/collections/aromafume-incense-bricks-non-toxic
/en/3/healthy-lifestyle/bach-products-elixirs-co.aspx,/collections/bach-products-elixirs-co
/en/3/incense-white-sage-and-charcoal/backflow-incense-burners-cones.aspx,/collections/backflow-incense-burners-cones
/en/3/textiles/bags.aspx,/collections/bags
/en/3/textiles/banners-wall-hangings-beachtowels.aspx,/collections/banners-wall-hangings-beachtowels
/en/3/body-care/bath-shower-and-soaps.aspx,/collections/bath-shower-and-soaps
/en/3/spirituality/biotensors-and-dowsing-rods.aspx,/collections/biotensors-and-dowsing-rods
/en/3/body-care.aspx,/collections/body-care
/en/3/jewellery/bracelets-gemstone.aspx,/collections/bracelets-gemstone
/en/3/jewellery/bracelets-gemstone-aa.aspx,/collections/bracelets-gemstone-aa
/en/3/jewellery/bracelets-metal.aspx,/collections/metal-bracelets
/en/3/statues/buddha-statues.aspx,/collections/buddha-statues
/en/3/candles-and-candle-holders/candle-holders-and-lanterns.aspx,/collections/candle-holders-and-lanterns
/en/3/candles-and-candle-holders.aspx,/collections/candles-and-candle-holders
/en/3/minerals-and-gemstones/chakra-and-wicca-mineral-sets.aspx,/collections/chakra-and-wicca-mineral-sets
/en/3/spirituality/chakra-products.aspx,/collections/chakra-products
/en/3/incense-white-sage-and-charcoal/charcoal-briquettes-and-burners.aspx,/collections/charcoal-briquettes-and-burners
/en/3/singing-bowls-and-more/chime-bars-and-tuning-pipes.aspx,/collections/chime-bars-and-tuning-pipes
/en/3/stationery-and-packaging/containers-jars-boxes-bags.aspx,/collections/containers-jars-boxes-bags
/en/3/minerals-and-gemstones/crystal-salt-and-mineral-lights.aspx,/collections/crystal-salt-and-mineral-lights
/en/3/candles-and-candle-holders/crystal-salt-candle-holders.aspx,/collections/crystal-salt-candle-holders
/en/3/singing-bowls-and-more/crystal-singing-bowls-chakra-and-coloured.aspx,/collections/crystal-singing-bowls-chakra-and-coloured
/en/3/singing-bowls-and-more/crystal-singing-bowls-quartz-crystal-clear.aspx,/collections/crystal-singing-bowls-quartz-crystal-clear
/en/3/singing-bowls-and-more/crystal-singing-bowls-quartz-crystal-white.aspx,/collections/crystal-singing-bowls-quartz-crystal-white
/en/3/candles-and-candle-holders/dinner-candles-and-pillar-candles.aspx,/collections/dinner-candles-and-pillar-candles
/en/3/healthy-lifestyle/ear-candles-and-body-candles.aspx,/collections/ear-candles-and-body-candles
/en/3/jewellery/earrings.aspx,/collections/earrings
/en/3/body-care/eliah-sahil.aspx,/collections/en-eliah-sahil
/en/3/body-care/facial-care.aspx,/collections/facial-care
/en/3/home-living/feng-shui-crystal-products.aspx,/collections/feng-shui-crystal-products
/en/3/home-living/feng-shui-products.aspx,/collections/feng-shui-products
/en/3/fragrance-products/fiore-doriente-essential-oils.aspx,/collections/fiore-doriente-essential-oils
/en/3/incense-white-sage-and-charcoal/fiore-doriente-incense.aspx,/collections/fiore-doriente-incense
/en/3/spirituality/flower-of-life-products.aspx,/collections/flower-of-life-products
/en/3/fragrance-products.aspx,/collections/fragrance-products
/en/3/minerals-and-gemstones/gemstone-angels.aspx,/collections/gemstone-angels
/en/3/minerals-and-gemstones/gemstone-bracelets.aspx,/collections/gemstone-bracelets
/en/3/minerals-and-gemstones/gemstone-earrings.aspx,/collections/gemstone-earrings
/en/3/minerals-and-gemstones/gemstone-pendants-polished.aspx,/collections/gemstone-pendants-polished
/en/3/minerals-and-gemstones/gemstone-pendants-rough.aspx,/collections/gemstone-pendants-rough
/en/3/minerals-and-gemstones/gemstone-rings.aspx,/collections/gemstone-rings
/en/3/minerals-and-gemstones/gemstone-spheres.aspx,/collections/gemstone-spheres
/en/3/minerals-and-gemstones/gemstones-pyramids-and-obelisk.aspx,/collections/gemstones-pyramids-and-obelisk
/en/3/singing-bowls-and-more/gongs-gong-bags-and-gong-stands.aspx,/collections/gongs-gong-bags-and-gong-stands
/en/3/body-care/hair-care.aspx,/collections/hair-care
/en/3/singing-bowls-and-more/hand-held-crystal-singing-bowls.aspx,/collections/hand-held-crystal-singing-bowls
/en/3/spirituality/health-balls.aspx,/collections/health-balls
/en/3/healthy-lifestyle.aspx,/collections/healthy-lifestyle
/en/3/statues/hinduistic-statues.aspx,/collections/hinduistic-statues
/en/3/body-care/holy-lama-naturals.aspx,/collections/en-holy-lama-naturals
/en/3/home-living.aspx,/collections/en-home-living
/en/3/candles-and-candle-holders/hundred-hour-candles.aspx,/collections/hundred-hour-candles
/en/3/incense-white-sage-and-charcoal/incense-burners-and-accessories.aspx,/collections/incense-burners-and-accessories
/en/3/incense-white-sage-and-charcoal/incense-cones.aspx,/collections/incense-cones
/en/3/incense-white-sage-and-charcoal.aspx,/collections/incense-white-sage-and-charcoal
/en/3/home-living/indoor-fountains.aspx,/collections/indoor-fountains
/en/3/incense-white-sage-and-charcoal/ispalla-incense.aspx,/collections/ispalla-incense
/en/3/jewellery/jewelleries-chakras.aspx,/collections/jewelleries-chakras
/en/3/jewellery/jewelleries-flower-of-life.aspx,/collections/jewelleries-flower-of-life
/en/3/jewellery.aspx,/collections/jewellery
/en/3/jewellery/jewellery-accessories.aspx,/collections/jewellery-accessories
/en/3/jewellery/jewellery-bohemian-boho.aspx,/collections/jewellery-bohemian-boho
/en/3/home-living/jewellery-storage-boxes-and-bags.aspx,/collections/jewellery-storage-boxes-and-bags
/en/3/spirituality/kathags-altar-and-door-cloths.aspx,/collections/kathags-altar-and-door-cloths
/en/3/fragrance-products/lavender-products.aspx,/collections/lavender-products
/en/3/body-care/le-chatelard-1802.aspx,/collections/en-le-chatelard-1802
/en/3/candles-and-candle-holders/lotus-candle-holders.aspx,/collections/lotus-candle-holders
/en/3/stationery-and-packaging/magnets-key-chains-and-lucky-dolls.aspx,/collections/magnets-key-chains-and-lucky-dolls
/en/3/meditation/malas-and-mala-bags.aspx,/collections/malas-and-mala-bags
/en/3/candles-and-candle-holders/manifestation-candles.aspx,/collections/manifestation-candles
/en/3/incense-white-sage-and-charcoal/masala-and-ayurvedic-incense.aspx,/collections/masala-and-ayurvedic-incense
/en/3/body-care/massage-oils.aspx,/collections/massage-oils
/en/3/body-care/massage-tools.aspx,/collections/massage-tools
/en/3/meditation.aspx,/collections/meditation
/en/3/meditation/meditation-benches.aspx,/collections/meditation-benches
/en/3/meditation/meditation-cushions-and-mats-chakras.aspx,/collections/meditation-cushions-and-mats-chakras
/en/3/meditation/meditation-cushions-half-moon.aspx,/collections/meditation-cushions-half-moon
/en/3/meditation/meditation-cushions-rectangular.aspx,/collections/meditation-cushions-rectangular
/en/3/meditation/meditation-cushions-round.aspx,/collections/meditation-cushions-round
/en/3/meditation/meditation-cushions-round-organic.aspx,/collections/meditation-cushions-round-organic
/en/3/meditation/meditation-drinking-bottles.aspx,/collections/meditation-drinking-bottles
/en/3/meditation/meditation-mats-and-meditation-sets.aspx,/collections/meditation-mats-and-meditation-sets
/en/3/meditation/meditation-shawls-and-accessories.aspx,/collections/meditation-shawls-and-accessories
/en/3/candles-and-candle-holders/melt-wax-soy-wax-and-bees-wax-candles.aspx,/collections/melt-wax-soy-wax-and-bees-wax-candles
/en/3/minerals-and-gemstones/mineral-decoration-products.aspx,/collections/mineral-decoration-products
/en/3/minerals-and-gemstones.aspx,/collections/minerals-and-gemstones
/en/3/multiple-shopping.aspx,/collections/multiple-shopping
/en/3/incense-white-sage-and-charcoal/nag-champa-and-satya-incense.aspx,/collections/nag-champa-and-satya-incense
/en/3/body-care/najel-aleppo.aspx,/collections/najel-aleppo-products
/en/3/jewellery/necklaces-and-malas.aspx,/collections/necklaces-and-malas
/en/3/new-products.aspx,/collections/angel-products
/en/3/incense-white-sage-and-charcoal/nippon-kodo-japanese-incense.aspx,/collections/nippon-kodo-japanese-incense
/en/3/stationery-and-packaging/notebooks-and-more.aspx,/collections/notebooks-and-more
/en/3/body-care/oral-hygiene.aspx,/collections/oral-hygiene
/en/3/organic-products/organic-body-care.aspx,/collections/organic-body-care
/en/3/organic-products/organic-essential-oil.aspx,/collections/organic-essential-oil
/en/3/organic-products/organic-meditation-cushions.aspx,/collections/organic-meditation-cushions
/en/3/organic-products.aspx,/collections/organic-products
/en/3/organic-products/organic-products-for-relaxation.aspx,/collections/organic-products-for-relaxation
/en/3/organic-products/organic-tea.aspx,/collections/organic-tea
/en/3/yoga/organic-yoga-mat-cleaner.aspx,/collections/organic-yoga-mat-cleaner
/en/3/organic-products/organic-yoga-products.aspx,/collections/organic-yoga-products
/en/3/minerals-and-gemstones/orgonite-products.aspx,/collections/orgonite-products
/en/3/body-care/ottoman.aspx,/collections/en-ottoman
/en/3/home-living/outdoor-living.aspx,/collections/outdoor-living
/en/3/spirituality/palo-santo-all-products.aspx,/collections/palo-santo-all-products
/en/3/incense-white-sage-and-charcoal/palo-santo-incense.aspx,/collections/palo-santo-incense
/en/3/jewellery/palo-santo-jewellery.aspx,/collections/palo-santo-jewellery
/en/3/jewellery/pendants-gemstone-drilled.aspx,/collections/pendants-gemstone-drilled
/en/3/jewellery/pendants-gemstone-glued.aspx,/collections/pendants-gemstone-glued
/en/3/jewellery/pendants-metal.aspx,/collections/pendants-metal
/en/3/jewellery/pendants-other.aspx,/collections/pendants-other
/en/3/spirituality/pendulum-accessories.aspx,/collections/pendulum-accessories
/en/3/spirituality/pendulums-for-professionals.aspx,/collections/pendulums-for-professionals
/en/3/spirituality/pendulums-mineral-wood-rudraksha.aspx,/collections/pendulums-mineral-wood-rudraksha
/en/3/body-care/perfumes-eau-de-toilette.aspx,/collections/perfumes-eau-de-toilette
/en/3/stationery-and-packaging/postcards.aspx,/collections/postcards
/en/3/spirituality/protection-pendants.aspx,/collections/protection-pendants
/en/3/minerals-and-gemstones/raw-gemstone-power-boxes.aspx,/collections/raw-gemstone-power-boxes
/en/3/incense-white-sage-and-charcoal/resins-and-herbs-incense.aspx,/collections/resins-and-herbs-incense
/en/3/jewellery/rings.aspx,/collections/rings
/en/3/spirituality/ritual-objects.aspx,/collections/ritual-objects
/en/3/fragrance-products/room-and-laundry-fragrances.aspx,/collections/room-and-laundry-fragrances
/en/3/minerals-and-gemstones/rough-unprocessed-minerals.aspx,/collections/rough-unprocessed-minerals
/en/3/incense-white-sage-and-charcoal/sagrada-madre-incense.aspx,/collections/sagrada-madre-incense
/en/3/home-living/salt-lamps-and-more.aspx,/collections/salt-lamps-and-more
/en/3/body-care/saules-fabrika.aspx,/collections/en-saules-fabrika
/en/3/textiles/scarfs-and-pashmina.aspx,/collections/scarfs-and-pashmina
/en/3/candles-and-candle-holders/scented-candles.aspx,/collections/scented-candles
/en/3/fragrance-products/scented-oil-diffusers-and-burners.aspx,/collections/scented-oil-diffusers-and-burners
/en/3/minerals-and-gemstones/selenite-products.aspx,/collections/selenite-products
/en/3/minerals-and-gemstones/shungite-products.aspx,/collections/shungite-products
/en/3/singing-bowls-and-more.aspx,/collections/singing-bowls-and-more
/en/3/singing-bowls-and-more/singing-bowls-chaken-blackbronze.aspx,/collections/singing-bowls-chaken-black-bronze
/en/3/singing-bowls-and-more/singing-bowls-chakras.aspx,/collections/singing-bowls-chakras
/en/3/singing-bowls-and-more/singing-bowls-chpa.aspx,/collections/singing-bowls-chopa
/en/3/singing-bowls-and-more/singing-bowls-dewa.aspx,/collections/singing-bowls-dewa
/en/3/singing-bowls-and-more/singing-bowls-ishana-blackgold.aspx,/collections/singing-bowls-ishana-black-gold
/en/3/singing-bowls-and-more/singing-bowls-nada-yoga.aspx,/collections/singing-bowls-nada-yoga
/en/3/singing-bowls-and-more/singing-bowls-nirmala.aspx,/collections/singing-bowls-nirmala
/en/3/singing-bowls-and-more/singing-bowls-ohm.aspx,/collections/singing-bowls-ohm
/en/3/singing-bowls-and-more/singing-bowls-samadhi.aspx,/collections/singing-bowls-samadhi
/en/3/singing-bowls-and-more/singing-bowls-shanti-gold-coloured.aspx,/collections/singing-bowls-shanti-gold-coloured
/en/3/singing-bowls-and-more/singing-bowls-tibetan-designs.aspx,/collections/singing-bowls-tibetan-designs
/en/3/singing-bowls-and-more/singing-bowls-with-engraved-buddhas.aspx,/collections/singing-bowls-with-engraved-buddhas
/en/3/singing-bowls-and-more/singing-bowls-zen-koan.aspx,/collections/singing-bowls-zen-koan
/en/3/home-living/small-furniture-and-decoration.aspx,/collections/small-furniture-and-decoration
/en/3/home-living/soapstone-and-sandstone-products.aspx,/collections/soapstone-and-sandstone-products
/en/3/fragrance-products/song-of-india-essential-oils.aspx,/collections/song-of-india-essential-oils
/en/3/incense-white-sage-and-charcoal/song-of-india-r-expo-incense.aspx,/collections/song-of-india-r-expo-incense
/en/3/home-living/song-of-india-r-expo-products.aspx,/collections/song-of-india-r-expo-products
/en/3/singing-bowls-and-more/sound-healing-instruments.aspx,/collections/sound-healing-instruments
/en/3/spirituality.aspx,/collections/spirituality
/en/3/stationery-and-packaging.aspx,/collections/stationery-and-packaging
/en/3/statues.aspx,/collections/statues
/en/3/stationery-and-packaging/stickers.aspx,/collections/en-stickers
/en/3/body-care/tabiano-bio-sulphur.aspx,/collections/tabiano-bio-sulphur
/en/3/healthy-lifestyle/tea-accessories.aspx,/collections/tea-accessories
/en/3/healthy-lifestyle/tea-all-products.aspx,/collections/tea-all-products
/en/3/healthy-lifestyle/tea-hari-tea-organic.aspx,/collections/tea-hari-tea-organic
/en/3/healthy-lifestyle/tea-shoti-maa-organic.aspx,/collections/tea-shoti-maa-organic
/en/3/candles-and-candle-holders/tealight-candles.aspx,/collections/tealight-candles
/en/3/textiles.aspx,/collections/textiles
/en/3/incense-white-sage-and-charcoal/tibetan-incense.aspx,/collections/tibetan-incense
/en/3/spirituality/tibetan-prayer-flags.aspx,/collections/tibetan-prayer-flags
/en/3/spirituality/tibetan-products.aspx,/collections/tibetan-products
/en/3/spirituality/tree-of-life-products.aspx,/collections/tree-of-life-products
/en/3/minerals-and-gemstones/tumbled-stones.aspx,/collections/tumbled-stones
/en/3/minerals-and-gemstones/tumbled-stones-mini-chips.aspx,/collections/tumbled-stones-mini+chips
/en/3/singing-bowls-and-more/tuning-forks.aspx,/collections/tuning-forks
/en/3/candles-and-candle-holders/votive-candles.aspx,/collections/votive-candles
/en/3/healthy-lifestyle/water-vitalisation-all-products.aspx,/collections/water-vitalisation-all-products
/en/3/healthy-lifestyle/water-vitalisation-gemstone-sticks.aspx,/collections/water-vitalisation-gemstone-sticks
/en/3/healthy-lifestyle/water-vitalisation-natures-design.aspx,/collections/water-vitalisation-natures-design
/en/3/healthy-lifestyle/water-vitalisation-vitajuwel-products.aspx,/collections/water-vitalisation-vitajuwel-products
/en/3/minerals-and-gemstones/water-vitalising-mineral-sticks.aspx,/collections/water-vitalising-mineral-sticks
/en/3/incense-white-sage-and-charcoal/white-sage-clusters-and-smudges.aspx,/collections/white-sage-clusters-and-smudges
/en/3/spirituality/wicca-tarot.aspx,/collections/wicca-tarot
/en/3/singing-bowls-and-more/wind-chimes-and-wind-bells.aspx,/collections/wind-chimes-and-wind-bells
/en/3/home-living/window-stickers.aspx,/collections/window-stickers
/en/3/minerals-and-gemstones/worry-stones.aspx,/collections/worry-stones
/en/3/yoga.aspx,/collections/yoga-gear
/en/3/yoga/yoga-bolsters.aspx,/collections/yoga-bolsters
/en/3/incense-white-sage-and-charcoal/yoga-incense.aspx,/collections/yoga-incense
/en/3/yoga/yoga-mats-and-towels.aspx,/collections/yoga-mats-and-towels
/en/3/yoga/yoga-meditation-cushions.aspx,/collections/yoga-meditation-cushions
/en/3/yoga/yoga-props-cork.aspx,/collections/yoga-props-cork
/en/3/yoga/yoga-shawls.aspx,/collections/yoga-shawls
/en/3/yoga/yoga-straps.aspx,/collections/yoga-straps-and-yoga-wheel
/en/3/yoga/yoga-wear-men.aspx,/collections/yoga-gear
/en/3/yoga/yoga-wear-women.aspx,/collections/yoga-gear
/en/3/yoga/yoga-wellbeing.aspx,/collections/yoga-wellbeing
/en/3/singing-bowls-and-more/singing-bowls-laser-engraved.aspx,/collections/singing-bowls-and-more/singing-bowls-laser-engraved
/en/3/healthy-lifestyle/bach-remedies-only-sold-in-nl.aspx,/collections/healthy-lifestyle
/en/3/body-care/himalayas-dreams.aspx,/collections/himalayas-dreams
/en/3/stationery-and-packaging/illumination-mandala-stickers.aspx,/collections/illumination-mandala-stickers
/en/3/body-care/le-secret-naturel.aspx,/collections/le-secret-naturel
/en/3/sale-warehouse-clearance.aspx,/collections/sale-warehouse-clearance
/en/3/organic-products/planet-pure-cleaning-products.aspx,/collections/planet-pure-cleaning-products
/en/3/healthy-lifestyle/tea-natural-temptation-organic.aspx,/collections/tea-natural-temptation
