Redirect from,Redirect to
/de/3/yoga/yogakleidung-bali-spirit.aspx,/collections/yoga-produkte
/de/3/spiritualitt/affirmations-und-engelkerzen.aspx,/collections/engelkerzen
/de/3/gesunde-lebensweise/holy-lama-spice-drops.aspx,/collections/gesunde-lebensweise
/de/3/schmuck/schlsselanhnger.aspx,/collections/schlusselanhanger
/de/3/kerzen-und-teelichthalter/zoutkristallichten.aspx,/collections/salzkristallkerzenhalter
/de/3/rucherwerk-salbei-und-rucherkohle/palo-santo.aspx,/collections/palo-santo-schmuck
/de/3/textilien/the-mountain-t-shirts.aspx,/collections/textilien
/de/3/klangschalen-und-mehr/stimmgabeln-goldfarbig.aspx,/collections/stimmgabeln
/de/3/klangschalen-und-mehr/stimmgabel-klangrohre-klangstbe.aspx,/collections/klangrohre-und-klangstabe
/de/3/mineralien-und-edelsteine/orgonitproducte.aspx,/collections/orgonitprodukte
/de/3/meditation/meditationskissen-mondfrmig.aspx,/collections/meditationskissen-halbmond
/de/3/duftprodukte/aromafume-therische-le.aspx,/collections/aromafume-duftprodukte
/de/3/yoga/yogakleidung-surya.aspx,/collections/yoga-produkte
/de/3/klangschalen-und-mehr/klangschalenzubehr.aspx,/collections/zubehor-metall-klangschalen
/de/3/mineralien-und-edelsteine/goldenes-dreieck-mineralien.aspx,/collections/goldenes-dreieck-mineralien
/de/3/kerzen-und-teelichthalter/schmelzwachs-und-bienenwachskerzen.aspx,/collections/schmelzwachs-soja-und-bienenwachskerzen
/de/3/home-living/salzlampen-und-selenit.aspx,/collections/salzlampen-und-mehr
/de/3/spiritualitt/tibetischer-steinreliefs.aspx,/collections/tibetischer-steinreliefs
/de/3/krperpflege/anas-crystal-skincare.aspx,/collections/korperpflege
/de/3/gesunde-lebensweise/cds-und-dvds-zur-entspannung.aspx,/collections/gesunde-lebensweise
/de/3/kerzen-und-teelichthalter/fair-trade-votivkerzen.aspx,/collections/votivkerzen
/de/3/kerzen-und-teelichthalter/fair-trade-teelichter.aspx,/collections/teelichter
/de/3/mineralien-und-edelsteine/mineralien-herzen-engel-und-mehr.aspx,/collections/sorgensteine
/de/3/schreibwaren-postkarten-und-sticker.aspx,/collections/schreibwaren-und-verpackungen
/de/3/gesunde-lebensweise/tee-english-tea-shop-biologisch.aspx,/collections/tee-alle-produkte
/de/3/gesunde-lebensweise/tee-fiore-doriente.aspx,/collections/gesunde-lebensweise
/de/3/mineralien-und-edelsteine/edelstein-anhnger.aspx,/collections/edelsteinanhanger-mit-polierten-steinen
/de/3/mineralien-und-edelsteine/mineralienchips-bis-2-cm.aspx,/collections/trommelsteine-mini+chips
/de/3/duftprodukte/aroma-l-zerstuber.aspx,/collections/aroma-diffuser
/de/3/klangschalen-und-mehr/kristall-klangschalen-sets.aspx,/collections/kristall-klangschalen-sets
/de/3/home-living/tee-accessoires.aspx,/collections/tee-accessoires
/de/3/yoga/yogakleidung-kidneykaren.aspx,/collections/yoga-produkte
/de/3/gesunde-lebensweise/crystal-herbs-bltenessenzen.aspx,/collections/gesunde-lebensweise
/de/3/meditation/meditationskissen-mondfrmig.aspx,/collections/meditationskissen-halbmond
/de/3/krperpflege/alepeo-aleppo.aspx,/collections/korperpflege
/de/3/schmuck/anhnger-und-halsketten.aspx,/collections/anhanger-und-halsketten
/de/3/yoga/yogamatten.aspx,/collections/yogamatten-reiniger-bio
/de/3/yoga/yoga-handtcher.aspx,/collections/yoga-handtucher
/de/3/yoga/yoga-rucherwerk.aspx,/collections/yoga-raucherwerk
/de/3/home-living/planet-pure-reinigungsprodukte.aspx,/collections/planet-pure-reinigungsprodukte
/de/3/kerzen-und-teelichthalter/fair-trade-kerzenhalter.aspx,/collections/fair-trade-kerzenhalter
/de/3/spiritualitt/pendel-und-wnschelruten.aspx,/collections/pendel-fur-profis
/de/3/rucherwerk-salbei-und-rucherkohle/rucherwerk-marco-polos-treasures.aspx,/collections/raucherwerk-marco-polos-treasures
/de/3/schreibwaren-postkarten-und-sticker/container-dosen-schachteln.aspx,/collections/behalter-schachteln-taschen
/de/3/schreibwaren-postkarten-und-sticker/magneten-sorgen-und-glckspppchen.aspx,/collections/magnete-schlusselanhanger-gluckspuppchen
/de/3/yoga/yogataschen.aspx,/collections/yogataschen
/de/3/yoga/yogakleidung-yogamasti.aspx,/collections/yoga-produkte
/de/3/schreibwaren-und-verpackungen/schlsselanhnger.aspx,/collections/schlusselanhanger
/de/3/klangschalen-und-mehr/tingshas-trommeln-dorje-und-glocke.aspx,/collections/instrumente-zur-klangheilung
/de/3/krperpflege/maison-du-laurier-aleppo.aspx,/collections/de-maison-du-laurier-aleppo
/de/3/krperpflege/skins-restaurant.aspx,/collections/korperpflege
/de/3/krperpflege/zahnpasta-und-mundpflege.aspx,/collections/hals-nasen-und-zahnpflege
/de/3/home-living/salzlampen.aspx,/collections/salzlampen-und-mehr
/de/3/duftprodukte/bach-therische-le.aspx,/collections/alle-atherischen-ole
/de/3/krperpflege/cannacura-hanfprodukte.aspx,/collections/korperpflege
/de/3/home-living/fahnen-strandtcher-und-thangkas.aspx,/collections/tapisserien-und-stranddecke
/de/3/krperpflege/himalaya-herbals.aspx,/collections/de-himalaya-herbals
/de/3/spiritualitt/thangkas.aspx,/collections/tapisserien-und-stranddecke
/de/3/gesunde-lebensweise/tee-numi-tee-biologisch.aspx,/collections/gesunde-lebensweise
/de/3/gesunde-lebensweise/or-tea-tee.aspx,/collections/tee-alle-produkte
/de/3/gesunde-lebensweise/biologischer-tee-solaris.aspx,/collections/tee-alle-produkte
/de/3/textilien/haus-schuhe.aspx,/collections/haus-schuhe
/de/3/lagerausverkauf-10-70-rabatt.aspx,/collections/lagerausverkauf
